Method,Image,Num_Features,Mean_Response,Mean_Size,Mean_Angle,Total_Response
SIFT,coins,316,0.0400054806289322,5.981127696323998,190.38482719131662,12.641731878742576
