Method,Image,Num_Features,Mean_Response,Mean_Size,Mean_Angle,Total_Response
SIFT,personal-1,596,0.023225686695714225,3.60785917147694,169.01951271415558,13.842509270645678
SIFT,personal-2,123,0.024160174800582777,4.690964179310372,173.3387282456809,2.9717015004716814
