Method,Image,Num_Features,Mean_Response,Mean_Size,Mean_Angle,Total_Response
SIFT,coins,655,0.029677705998525365,4.481608628862687,181.4380553500343,19.438897429034114
