Method,Image,Num_Features,Mean_Response,Mean_Size,Mean_Angle,Total_Response
SIFT,personal-1,375,0.03228175982336203,3.8604972918828326,167.6382900390625,12.105659933760762
SIFT,personal-2,98,0.027860994621807217,5.189200774747498,172.8249799767319,2.730377472937107
