Method,Image,Num_Features,Mean_Response,Mean_Size,Mean_Angle,Total_Response
SIFT,coins,926,0.022948410168650197,4.011215315138032,181.3754269494866,21.25022781617008
