Method,Image,Num_Features,Mean_Response,Mean_Size,Mean_Angle,Total_Response
SIFT,personal-1,193,0.04374208304201074,4.006523127382901,172.56374394708348,8.442222027108073
SIFT,personal-2,46,0.036151139915961285,5.786260814770408,171.72221142312756,1.6629524361342192
